input,output
什么是机器学习？,"机器学习是人工智能的一个分支，它使用统计技术让计算机系统能够从数据中""学习""（即逐步改善特定任务的性能）而无需明确编程。"
深度学习与传统机器学习有何不同？,深度学习是机器学习的子集，使用多层神经网络处理数据。与传统机器学习相比，深度学习能自动提取特征，处理更复杂的模式，但需要更多数据和计算资源。
什么是自然语言处理？,自然语言处理(NLP)是人工智能的一个领域，专注于计算机理解、解释和生成人类语言的能力。它结合了计算语言学、统计学和机器学习方法。
强化学习的基本原理是什么？,强化学习是一种机器学习方法，智能体通过与环境交互并从行动结果中学习。它基于奖励机制，智能体尝试采取能够最大化累积奖励的行动。
什么是计算机视觉？,"计算机视觉是人工智能的一个领域，使计算机能够从数字图像或视频中获取高级理解。它包括开发方法来帮助计算机""看到""和理解视觉内容。"
解释一下神经网络的工作原理,神经网络由相互连接的人工神经元组成，模拟人脑结构。它们通过接收输入、应用权重、偏置和激活函数来处理信息，然后通过反向传播算法学习调整权重以减少误差。
什么是迁移学习？,迁移学习是机器学习的一种方法，其中为一个任务开发的模型被重用作为另一个相关任务模型的起点。这种方法在数据或计算资源有限时特别有用。
大语言模型是如何工作的？,大语言模型通过分析大量文本数据学习语言模式。它们使用深度学习架构（如Transformer）预测文本序列中的下一个词，从而生成连贯的文本或回答问题。
什么是生成式AI？,生成式AI是能够创建新内容（如文本、图像、音乐或视频）的人工智能系统。它们通过学习现有数据的模式和结构，然后生成类似但独特的新内容。
解释一下决策树算法,决策树是一种监督学习算法，通过一系列问题将数据分割成越来越小的子集。它创建一个树状模型，其中每个内部节点代表一个特征测试，每个叶节点代表一个决策或预测。
什么是聚类算法？,"聚类算法是一种无监督学习方法，将相似的数据点分组到称为""簇""的集合中。它们根据数据点之间的相似性或距离度量来识别数据中的自然分组。"
解释一下支持向量机(SVM),支持向量机是一种监督学习算法，用于分类和回归分析。它通过找到能够最大化不同类别之间边界的超平面来工作，特别适合处理高维数据。
什么是过拟合，如何避免？,过拟合是模型在训练数据上表现良好但在新数据上泛化能力差的现象。可以通过正则化、交叉验证、增加训练数据、特征选择和早停等技术来避免过拟合。
解释一下梯度下降算法,梯度下降是一种优化算法，通过沿着函数的梯度（或斜率）方向迭代调整参数，以找到函数的最小值。它在训练机器学习模型时广泛用于最小化损失函数。
什么是卷积神经网络(CNN)？,卷积神经网络是一种专门设计用于处理网格状数据（如图像）的深度学习架构。它使用卷积层提取空间特征，池化层减少维度，以及全连接层进行最终预测。
解释循环神经网络(RNN)的工作原理,循环神经网络是一种处理序列数据的神经网络，它通过维持内部状态（记忆）来处理可变长度的输入。RNN的每个单元接收当前输入和前一状态，使其适合处理时间序列或文本等序列数据。
什么是LSTM网络？,长短期记忆(LSTM)网络是一种特殊的RNN，设计用来解决传统RNN的长期依赖问题。它包含门控机制（输入门、遗忘门和输出门），允许网络学习长期依赖关系。
解释一下Transformer架构,Transformer是一种基于自注意力机制的神经网络架构，不依赖循环或卷积。它使用多头注意力机制并行处理序列数据，在自然语言处理任务中表现出色，是许多现代语言模型的基础。
什么是强化学习中的探索与利用权衡？,探索与利用权衡是强化学习中的核心挑战，涉及在尝试新行动（探索）以发现可能的更高奖励和选择已知能带来良好奖励的行动（利用）之间取得平衡。
解释一下批量归一化的作用,批量归一化是一种用于深度神经网络的技术，通过标准化每一层的输入来加速训练过程。它减少了内部协变量偏移，允许使用更高的学习率，并作为一种正则化方法帮助防止过拟合。
